x_east,y_north
-5.323760211467742920e-03,9.236443787813186646e-03
4.156349045578231621e-02,9.089881404102162499e-03
5.362156882074239350e-01,5.997436760749390652e-03
1.030867885959065644e+00,2.904992117396618806e-03
1.525520083710707020e+00,-1.874525259561547752e-04
2.020172281462349062e+00,-3.279897169308924887e-03
2.514824479213990216e+00,-6.372341812661698468e-03
3.009476676965631814e+00,-9.464786456014472049e-03
3.504128874717273412e+00,-1.255723109936724216e-02
3.998781072468915454e+00,-1.564967574272001227e-02
4.493433270220557496e+00,-1.874212038607278585e-02
4.988085467972198650e+00,-2.183456502942555943e-02
5.482737665723839804e+00,-2.492700967277832608e-02
5.977389863475481846e+00,-2.801945431613110660e-02
6.472042061227123888e+00,-3.111189895948387324e-02
6.966694258978765042e+00,-3.420434360283664682e-02
7.461346456730407084e+00,-3.729678824618941346e-02
7.955998654482048238e+00,-4.038923288954218704e-02
8.450650852233689392e+00,-4.348167753289496062e-02
8.945303049985330546e+00,-4.657412217624773421e-02
9.439955247736973476e+00,-4.966656681960050779e-02
9.934607445488612854e+00,-5.275901146295328137e-02
1.042925964324025578e+01,-5.585145610630605495e-02
1.092391184099189516e+01,-5.894390074965881465e-02
1.141856403874353809e+01,-6.203634539301158823e-02
1.191321623649518102e+01,-6.512879003636437569e-02
1.240786843424682040e+01,-6.822123467971713540e-02
1.290252063199846511e+01,-7.131367932306990898e-02
1.339717282975010448e+01,-7.440612396642268256e-02
1.389182502750174741e+01,-7.749856860977545614e-02
1.438647722525338679e+01,-8.059101325312822972e-02
1.488112942300502972e+01,-8.368345789648098942e-02
1.537578162075667265e+01,-8.677590253983376301e-02
1.587043381850831558e+01,-8.986834718318653659e-02
1.636508601625995496e+01,-9.296079182653931017e-02
1.685973821401159967e+01,-9.605323646989208375e-02
1.735439041176323727e+01,-9.914568111324484345e-02
1.784904260951488197e+01,-1.022381257565976309e-01
1.834369480726652313e+01,-1.053305703999503906e-01
1.883834700501816428e+01,-1.084230150433031781e-01
1.933299920276980188e+01,-1.115154596866559239e-01
1.982765140052144659e+01,-1.146079043300087252e-01
2.032230359827309130e+01,-1.177003489733614849e-01
2.081695579602472890e+01,-1.207927936167142724e-01
2.131160799377637360e+01,-1.238852382600670321e-01
2.180626019152801121e+01,-1.269776829034197918e-01
2.230091238927965591e+01,-1.300701275467725793e-01
2.279556458703129707e+01,-1.331625721901253390e-01
2.329021678478293822e+01,-1.362550168334780987e-01
2.378486898253457937e+01,-1.393474614768309139e-01
2.427952118028622053e+01,-1.424399061201836458e-01
2.477417337803786168e+01,-1.455323507635364333e-01
2.526882557578950639e+01,-1.486247954068892208e-01
2.576347777354114754e+01,-1.517172400502419805e-01
2.625812997129278514e+01,-1.548096846935947402e-01
2.675278216904442985e+01,-1.579021293369475276e-01
2.724743436679607100e+01,-1.609945739803002873e-01
2.774208656454771571e+01,-1.640870186236530748e-01
2.823673876229935331e+01,-1.671794632670058345e-01
2.873139096005099447e+01,-1.702719079103586219e-01
2.922604315780263562e+01,-1.733643525537113816e-01
2.972069535555428033e+01,-1.764567971970641413e-01
3.021534755330591793e+01,-1.795492418404169288e-01
3.070999975105755908e+01,-1.826416864837696885e-01
3.120465194880920379e+01,-1.857341311271224482e-01
3.169930414656084849e+01,-1.888265757704752357e-01
3.219395634431248254e+01,-1.919190204138280231e-01
3.268860854206413080e+01,-1.950114650571807828e-01
3.318326073981577196e+01,-1.981039097005335703e-01
3.367791293756741311e+01,-2.011963543438863300e-01
3.417256513531904716e+01,-2.042887989872390897e-01
3.466721733307068831e+01,-2.073812436305918494e-01
3.516186953082233657e+01,-2.104736882739446369e-01
3.565652172857397773e+01,-2.135661329172974243e-01
3.615117392632562598e+01,-2.166585775606501840e-01
3.664582612407726003e+01,-2.197510222040029437e-01
3.714047832182890119e+01,-2.228434668473557589e-01
3.763513051958054945e+01,-2.259359114907085186e-01
3.812978271733219060e+01,-2.290283561340613061e-01
3.862443491508382465e+01,-2.321208007774140103e-01
3.911908711283546580e+01,-2.352132454207667700e-01
3.961373931058710696e+01,-2.383056900641196130e-01
4.010839150833875522e+01,-2.413981347074724004e-01
4.060304370609039637e+01,-2.444905793508251324e-01
4.109769590384203752e+01,-2.475830239941779198e-01
4.159234810159367868e+01,-2.506754686375307073e-01
4.208700029934531983e+01,-2.537679132808834392e-01
4.258165249709696809e+01,-2.568603579242362267e-01
4.307630469484859503e+01,-2.599528025675890142e-01
4.357095689260023619e+01,-2.630452472109417461e-01
4.406560909035188445e+01,-2.661376918542945336e-01
4.456026128810352560e+01,-2.692301364976473210e-01
4.505491348585517386e+01,-2.723225811410000530e-01
4.554956568360680791e+01,-2.754150257843528404e-01
4.604421788135844906e+01,-2.785074704277056279e-01
4.653887007911009732e+01,-2.815999150710583598e-01
4.703352227686173848e+01,-2.846923597144112028e-01
4.752817447461337963e+01,-2.877848043577639903e-01
4.802282667236501368e+01,-2.908772490011166667e-01
4.851747887011665483e+01,-2.939696936444694542e-01
4.901213106786830309e+01,-2.970621382878222416e-01
4.950678326561993714e+01,-3.001545829311750291e-01
5.000143546337158540e+01,-3.032470275745278165e-01
5.049608766112322655e+01,-3.063394722178806040e-01
5.099073985887486771e+01,-3.094319168612333915e-01
5.148539205662651597e+01,-3.125243615045861234e-01
5.198004425437815001e+01,-3.156168061479389109e-01
5.247469645212979117e+01,-3.187092507912916428e-01
5.296934864988143232e+01,-3.218016954346443748e-01
5.346400084763307348e+01,-3.248941400779972177e-01
5.395865304538471463e+01,-3.279865847213500052e-01
5.445330524313635578e+01,-3.310790293647027371e-01
5.494795744088800404e+01,-3.341714740080555246e-01
5.544260963863964520e+01,-3.372639186514083121e-01
5.593726183639128635e+01,-3.403563632947610440e-01
5.643191403414292751e+01,-3.434488079381138315e-01
5.692656623189456155e+01,-3.465412525814666189e-01
5.742121842964620981e+01,-3.496336972248194064e-01
5.791587062739785097e+01,-3.527261418681721383e-01
5.841052282514948502e+01,-3.558185865115249258e-01
5.890517502290113327e+01,-3.589110311548777132e-01
5.939982722065277443e+01,-3.620034757982304452e-01
5.989447941840441558e+01,-3.650959204415832327e-01
6.038913161615604963e+01,-3.681883650849360201e-01
6.088378381390769079e+01,-3.712808097282887521e-01
6.137843601165933904e+01,-3.743732543716415395e-01
6.187308820941098020e+01,-3.774656990149943270e-01
6.236774040716262846e+01,-3.805581436583470589e-01
6.286239260491426961e+01,-3.836505883016998464e-01
6.335704480266591077e+01,-3.867430329450526338e-01
6.385169700041754481e+01,-3.898354775884054213e-01
6.434634919816919307e+01,-3.929279222317582088e-01
6.484100139592082712e+01,-3.960203668751109962e-01
6.533565359367247538e+01,-3.991128115184637282e-01
6.583030579142412364e+01,-4.022052561618165156e-01
6.632495798917575769e+01,-4.052977008051693031e-01
6.681961018692740595e+01,-4.083901454485220350e-01
6.731426238467905421e+01,-4.114825900918748225e-01
6.780891458243068826e+01,-4.145750347352276655e-01
6.830356678018230809e+01,-4.176674793785803419e-01
6.879821897793395635e+01,-4.207599240219330738e-01
6.929287117568560461e+01,-4.238523686652858613e-01
6.978752337343723866e+01,-4.269448133086386488e-01
7.028217557118888692e+01,-4.300372579519914362e-01
7.077682776894053518e+01,-4.331297025953442237e-01
7.127147996669216923e+01,-4.362221472386970111e-01
7.176613216444381749e+01,-4.393145918820497431e-01
7.226078436219546575e+01,-4.424070365254025305e-01
7.275543655994708558e+01,-4.454994811687553180e-01
7.325008875769873384e+01,-4.485919258121080500e-01
7.374474095545038210e+01,-4.516843704554608374e-01
7.423939315320203036e+01,-4.547768150988136804e-01
7.473404535095366441e+01,-4.578692597421664123e-01
7.522869754870531267e+01,-4.609617043855191998e-01
7.572334974645696093e+01,-4.640541490288719317e-01
7.621800194420859498e+01,-4.671465936722247747e-01
7.671265414196024324e+01,-4.702390383155775622e-01
7.720730633971186307e+01,-4.733314829589301831e-01
7.770195853746349712e+01,-4.764239276022830261e-01
7.819661073521514538e+01,-4.795163722456357025e-01
7.869126293296679364e+01,-4.826088168889885455e-01
7.918591513071842769e+01,-4.857012615323413884e-01
7.968056732847007595e+01,-4.887937061756940649e-01
8.017521952622172421e+01,-4.918861508190468523e-01
8.066987172397337247e+01,-4.949785954623996398e-01
8.116452392172500652e+01,-4.980710401057524273e-01
8.165917611947664057e+01,-5.011634847491052147e-01
8.215382831722828882e+01,-5.042559293924580022e-01
8.264848051497992287e+01,-5.073483740358106786e-01
8.314313271273157113e+01,-5.104408186791635771e-01
8.363778491048321939e+01,-5.135332633225163645e-01
8.413243710823485344e+01,-5.166257079658690410e-01
8.462708930598650170e+01,-5.197181526092219395e-01
8.512174150373814996e+01,-5.228105972525746159e-01
8.561639370148978401e+01,-5.259030418959274034e-01
8.611104589924140384e+01,-5.289954865392801908e-01
8.660569809699305210e+01,-5.320879311826328673e-01
8.710035029474470036e+01,-5.351803758259856547e-01
8.759500249249633441e+01,-5.382728204693384422e-01
8.808965469024798267e+01,-5.413652651126912296e-01
8.858430688799963093e+01,-5.444577097560439061e-01
8.907895908575126498e+01,-5.475501543993968045e-01
8.957361128350291324e+01,-5.506425990427495920e-01
9.006826348125456150e+01,-5.537350436861022684e-01
9.056291567900619555e+01,-5.568274883294551669e-01
9.105756787675782959e+01,-5.599199329728078434e-01
9.155222007450947785e+01,-5.630123776161606308e-01
9.204687227226112611e+01,-5.661048222595134183e-01
9.254152447001276016e+01,-5.691972669028662057e-01
9.303617666776440842e+01,-5.722897115462188822e-01
9.353082886551605668e+01,-5.753821561895717807e-01
9.402548106326769073e+01,-5.784746008329245681e-01
9.452013326101933899e+01,-5.815670454762772446e-01
9.501478545877097304e+01,-5.846594901196301430e-01
9.550943765652260709e+01,-5.877519347629827084e-01
9.600408985427424113e+01,-5.908443794063356069e-01
9.649874205202588939e+01,-5.939368240496883944e-01
9.699339424977753765e+01,-5.970292686930410708e-01
9.750702147687852062e+01,-5.826386620845066533e-01
9.801845797158894413e+01,-5.331136193654603117e-01
9.852530320995275304e+01,-4.486865956944593448e-01
9.902517821794425856e+01,-3.297538652814165916e-01
9.951573673763284944e+01,-1.768736613996071405e-01
9.999467623978853226e+01,9.236443787813186646e-03
1.004152848512476766e+02,2.051116950953938423e-01
1.008229767267961847e+02,4.266202789474052848e-01
1.012161915573789486e+02,6.729144427397296679e-01
1.015934244401574063e+02,9.430515750615438009e-01
1.019532316380393979e+02,1.235997813236229925e+00
1.022942361051169087e+02,1.550632000097051488e+00
1.026487165423378372e+02,1.898606076261720510e+00
1.030031969795587656e+02,2.246580152426389532e+00
1.033576774167796941e+02,2.594554228591058553e+00
1.037121578540006084e+02,2.942528304755727575e+00
1.040666382912215369e+02,3.290502380920396597e+00
1.044211187284424653e+02,3.638476457085066063e+00
1.047755991656633938e+02,3.986450533249735084e+00
1.051300796028843081e+02,4.334424609414403662e+00
1.054845600401052366e+02,4.682398685579073572e+00
1.058390404773261650e+02,5.030372761743743482e+00
1.061935209145470935e+02,5.378346837908411615e+00
1.065480013517680078e+02,5.726320914073080637e+00
1.069024817889889363e+02,6.074294990237749658e+00
1.072569622262098648e+02,6.422269066402418680e+00
1.076114426634307932e+02,6.770243142567088590e+00
1.079659231006517075e+02,7.118217218731756724e+00
1.083204035378726360e+02,7.466191294896425745e+00
1.086748839750935645e+02,7.814165371061095655e+00
1.090293644123144929e+02,8.162139447225765565e+00
1.093838448495354214e+02,8.510113523390433699e+00
1.097383252867563357e+02,8.858087599555101832e+00
1.100928057239772642e+02,9.206061675719771742e+00
1.104472861611981926e+02,9.554035751884441652e+00
1.108017665984191211e+02,9.902009828049108009e+00
1.111562470356400354e+02,1.024998390421377792e+01
1.115107274728609639e+02,1.059795798037844783e+01
1.118652079100818924e+02,1.094593205654311774e+01
1.122196883473028208e+02,1.129390613270778410e+01
1.125741687845237493e+02,1.164188020887245401e+01
1.129286492217446636e+02,1.198985428503712392e+01
1.132831296589655921e+02,1.233782836120179383e+01
1.136376100961865205e+02,1.268580243736646196e+01
1.139920905334074490e+02,1.303377651353113009e+01
1.143465709706283633e+02,1.338175058969580178e+01
1.147010514078492918e+02,1.372972466586046991e+01
1.150555318450702202e+02,1.407769874202513805e+01
1.154100122822911487e+02,1.442567281818980796e+01
1.157644927195120630e+02,1.477364689435447787e+01
1.161189731567329915e+02,1.512162097051914778e+01
1.164734535939539199e+02,1.546959504668381769e+01
1.168279340311748484e+02,1.581756912284848404e+01
1.171824144683957627e+02,1.616554319901315395e+01
1.175368949056166912e+02,1.651351727517782209e+01
1.178913753428376197e+02,1.686149135134249022e+01
1.182458557800585481e+02,1.720946542750715835e+01
1.186003362172794766e+02,1.755743950367183004e+01
1.189548166545003909e+02,1.790541357983649817e+01
1.193092970917213194e+02,1.825338765600116631e+01
1.196637775289422478e+02,1.860136173216583444e+01
1.200182579661631763e+02,1.894933580833050613e+01
1.203727384033840906e+02,1.929730988449517781e+01
1.207272188406050191e+02,1.964528396065984239e+01
1.210816992778259475e+02,1.999325803682451408e+01
1.214361797150468760e+02,2.034123211298918221e+01
1.217906601522678045e+02,2.068920618915385390e+01
1.221451405894887188e+02,2.103718026531851848e+01
1.224996210267096473e+02,2.138515434148319017e+01
1.228541014639305615e+02,2.173312841764785830e+01
1.232085819011514900e+02,2.208110249381252999e+01
1.235630623383724185e+02,2.242907656997719812e+01
1.239175427755933470e+02,2.277705064614186625e+01
1.242720232128142754e+02,2.312502472230653439e+01
1.246265036500352039e+02,2.347299879847120252e+01
1.249809840872561182e+02,2.382097287463587065e+01
1.253354645244770467e+02,2.416894695080054589e+01
1.256899449616979751e+02,2.451692102696521047e+01
1.260444253989189036e+02,2.486489510312988216e+01
1.263989058361398179e+02,2.521286917929454674e+01
1.267533862733607464e+02,2.556084325545922198e+01
1.271078667105816749e+02,2.590881733162388656e+01
1.274623471478026033e+02,2.625679140778855825e+01
1.278168275850235318e+02,2.660476548395322283e+01
1.281713080222444603e+02,2.695273956011789451e+01
1.285257884594653603e+02,2.730071363628255909e+01
1.288802688966862888e+02,2.764868771244723433e+01
1.292347493339072173e+02,2.799666178861190247e+01
1.295892297711281458e+02,2.834463586477657060e+01
1.299437102083490743e+02,2.869260994094124229e+01
1.302981906455700027e+02,2.904058401710591042e+01
1.306526710827909312e+02,2.938855809327057855e+01
1.310071515200118597e+02,2.973653216943524669e+01
1.313616319572327882e+02,3.008450624559991837e+01
1.317161123944536882e+02,3.043248032176458651e+01
1.320705928316746167e+02,3.078045439792925464e+01
1.324250732688955452e+02,3.112842847409392633e+01
1.327795537061164737e+02,3.147640255025859801e+01
1.331340341433374022e+02,3.182437662642326615e+01
1.334885145805583306e+02,3.217235070258792717e+01
1.338429950177792591e+02,3.252032477875260241e+01
1.341974754550001876e+02,3.286829885491727055e+01
1.345519558922211161e+02,3.321627293108193868e+01
1.349064363294420446e+02,3.356424700724660681e+01
1.352609167666629446e+02,3.391222108341128205e+01
1.356153972038838731e+02,3.426019515957594308e+01
1.359698776411048016e+02,3.460816923574061832e+01
1.363243580783257300e+02,3.495614331190527935e+01
1.366788385155466585e+02,3.530411738806995459e+01
1.370333189527675870e+02,3.565209146423462272e+01
1.373877993899885155e+02,3.600006554039929085e+01
1.377422798272094440e+02,3.634803961656395899e+01
1.380967602644303724e+02,3.669601369272863423e+01
1.384512407016512725e+02,3.704398776889330236e+01
1.388057211388722010e+02,3.739196184505796339e+01
1.391602015760931295e+02,3.773993592122263152e+01
1.395146820133140579e+02,3.808790999738730676e+01
1.398691624505349864e+02,3.843588407355197489e+01
1.402236428877559149e+02,3.878385814971664303e+01
1.405781233249768434e+02,3.913183222588131116e+01
1.409326037621977434e+02,3.947980630204598640e+01
1.412870841994187003e+02,3.982778037821065453e+01
1.416415646366396004e+02,4.017575445437532267e+01
1.419960450738605289e+02,4.052372853053998369e+01
1.423505255110814574e+02,4.087170260670465893e+01
1.427050059483023858e+02,4.121967668286932707e+01
1.430594863855233143e+02,4.156765075903399520e+01
1.434139668227442144e+02,4.191562483519867044e+01
1.437684472599651713e+02,4.226359891136333857e+01
1.441229276971860713e+02,4.261157298752800671e+01
1.444774081344069998e+02,4.295954706369267484e+01
1.448318885716279283e+02,4.330752113985734297e+01
1.451863690088488568e+02,4.365549521602201111e+01
1.455408494460697852e+02,4.400346929218667924e+01
1.458953298832907137e+02,4.435144336835135448e+01
1.462498103205116422e+02,4.469941744451602261e+01
1.466042907577325423e+02,4.504739152068069075e+01
1.469587711949534707e+02,4.539536559684535177e+01
1.473132516321743992e+02,4.574333967301002701e+01
1.476677320693953277e+02,4.609131374917469515e+01
1.480222125066162562e+02,4.643928782533936328e+01
1.483766929438371847e+02,4.678726190150403852e+01
1.487311733810581131e+02,4.713523597766869955e+01
1.490856538182790416e+02,4.748321005383337479e+01
1.494401342554999701e+02,4.783118412999803581e+01
1.497946146927208986e+02,4.817915820616271105e+01
1.501490951299418271e+02,4.852713228232737919e+01
1.505035755671627271e+02,4.887510635849204732e+01
1.508580560043836556e+02,4.922308043465671545e+01
1.512125364416045841e+02,4.957105451082139069e+01
1.515670168788255125e+02,4.991902858698605172e+01
1.519214973160464410e+02,5.026700266315072696e+01
1.522759777532673695e+02,5.061497673931540220e+01
1.526304581904882980e+02,5.096295081548006323e+01
1.529849386277091980e+02,5.131092489164473136e+01
1.533394190649301265e+02,5.165889896780939949e+01
1.536938995021510550e+02,5.200687304397407473e+01
1.540483799393719835e+02,5.235484712013873576e+01
1.544028603765929120e+02,5.270282119630340389e+01
1.547573408138138404e+02,5.305079527246807203e+01
1.551118212510347689e+02,5.339876934863274727e+01
1.554663016882556974e+02,5.374674342479741540e+01
1.558207821254766259e+02,5.409471750096208353e+01
1.561752625626975544e+02,5.444269157712675877e+01
1.565297429999184828e+02,5.479066565329142691e+01
1.568842234371393829e+02,5.513863972945608793e+01
1.572387038743603114e+02,5.548661380562076317e+01
1.575931843115812399e+02,5.583458788178543841e+01
1.579476647488021683e+02,5.618256195795009944e+01
1.583021451860230968e+02,5.653053603411476757e+01
1.586566256232440253e+02,5.687851011027943571e+01
1.590111060604649538e+02,5.722648418644411095e+01
1.593655864976858538e+02,5.757445826260877197e+01
1.597200669349068107e+02,5.792243233877344011e+01
1.600745473721277108e+02,5.827040641493812245e+01
1.604290278093486677e+02,5.861838049110278348e+01
1.607835082465695677e+02,5.896635456726745161e+01
1.611379886837904962e+02,5.931432864343211264e+01
1.614924691210114247e+02,5.966230271959679499e+01
1.618469495582323532e+02,6.001027679576146312e+01
1.622014299954532817e+02,6.035825087192613125e+01
1.625559104326741817e+02,6.070622494809079939e+01
1.629103908698951386e+02,6.105419902425547463e+01
1.632648713071160387e+02,6.140217310042014276e+01
1.636193517443369672e+02,6.175014717658479668e+01
1.639738321815578956e+02,6.209812125274947903e+01
1.643283126187788525e+02,6.244609532891414005e+01
1.646827930559997526e+02,6.279406940507880819e+01
1.650372734932206811e+02,6.314204348124347632e+01
1.653917539304416096e+02,6.349001755740815156e+01
1.657462343676625096e+02,6.383799163357281969e+01
1.661007148048834665e+02,6.418596570973748783e+01
1.664551952421043666e+02,6.453393978590216307e+01
1.668096756793253235e+02,6.488191386206682409e+01
1.671641561165462235e+02,6.522988793823149933e+01
1.675186365537671520e+02,6.557786201439617457e+01
1.678731169909880805e+02,6.592583609056083560e+01
1.682275974282090090e+02,6.627381016672551084e+01
1.685820778654299374e+02,6.662178424289017187e+01
1.689365583026508375e+02,6.696975831905483290e+01
1.692910387398717944e+02,6.731773239521952235e+01
1.696455191770926945e+02,6.766570647138418337e+01
1.699999996143136514e+02,6.801368054754884440e+01
1.703544800515345514e+02,6.836165462371351964e+01
1.707089604887555083e+02,6.870962869987818067e+01
1.710634409259764084e+02,6.905760277604285591e+01
1.714179213631973369e+02,6.940557685220751694e+01
1.717724018004182653e+02,6.975355092837219217e+01
1.721268822376391654e+02,7.010152500453686741e+01
1.724813626748601223e+02,7.044949908070152844e+01
1.728358431120810224e+02,7.079747315686620368e+01
1.731683995730205652e+02,7.114557758527469389e+01
1.734779375731128539e+02,7.151430067824429671e+01
1.737631817030278398e+02,7.190212316230014267e+01
1.740229566530312013e+02,7.230744706751788442e+01
1.742561920556887003e+02,7.272860231174193757e+01
1.744619268961698708e+02,7.316385358193237209e+01
1.746393134719794489e+02,7.361140748428690017e+01
1.747876208858002371e+02,7.406941993367665589e+01
1.749062380570564983e+02,7.453600375194875483e+01
1.749946762397885323e+02,7.500923644378784161e+01
1.750547681971466716e+02,7.551242977842211701e+01
1.750807420314073397e+02,7.601853247086043552e+01
1.750724791566289014e+02,7.652523386247084147e+01
1.750300172977300974e+02,7.703022056120495620e+01
1.749535503182533489e+02,7.753118700360327864e+01
1.748434273352628736e+02,7.802584598105825364e+01
1.747001511254185004e+02,7.851193908227668317e+01
1.745243758295023042e+02,7.898724700426525658e+01
1.743169039658783106e+02,7.944959968476349843e+01
1.740786827665208705e+02,7.989688620986370893e+01
1.738303513382296899e+02,8.032743414059666520e+01
1.735820199099384809e+02,8.075798207132962148e+01
1.733336884816473003e+02,8.118853000206256354e+01
1.730853570533561196e+02,8.161907793279551981e+01
1.728370256250649106e+02,8.204962586352847609e+01
1.725886941967737300e+02,8.248017379426141815e+01
1.723403627684825494e+02,8.291072172499437443e+01
1.720920313401913404e+02,8.334126965572733070e+01
1.718436999119001598e+02,8.377181758646027276e+01
1.715953684836089792e+02,8.420236551719322904e+01
1.713470370553177702e+02,8.463291344792618531e+01
1.710987056270265896e+02,8.506346137865912738e+01
1.708503741987354090e+02,8.549400930939208365e+01
1.706020427704442000e+02,8.592455724012503993e+01
1.703537113421530194e+02,8.635510517085799620e+01
1.701053799138618388e+02,8.678565310159093826e+01
1.698570484855706582e+02,8.721620103232389454e+01
1.696087170572794491e+02,8.764674896305685081e+01
1.693603856289882685e+02,8.807729689378979288e+01
1.691120542006970879e+02,8.850784482452274915e+01
1.688637227724058789e+02,8.893839275525570542e+01
1.686153913441146983e+02,8.936894068598864749e+01
1.683670599158235177e+02,8.979948861672160376e+01
1.681187284875323087e+02,9.023003654745456004e+01
1.678703970592411281e+02,9.066058447818750210e+01
1.676220656309499475e+02,9.109113240892045837e+01
1.673737342026587385e+02,9.152168033965341465e+01
1.671254027743675579e+02,9.195222827038635671e+01
1.668770713460763773e+02,9.238277620111931299e+01
1.666287399177851967e+02,9.281332413185225505e+01
1.663804084894939876e+02,9.324387206258521132e+01
1.661320770612028070e+02,9.367441999331816760e+01
1.658837456329116264e+02,9.410496792405112387e+01
1.656354142046204174e+02,9.453551585478408015e+01
1.653870827763292368e+02,9.496606378551702221e+01
1.651387513480380562e+02,9.539661171624997849e+01
1.648904199197468472e+02,9.582715964698292055e+01
1.646420884914556666e+02,9.625770757771587682e+01
1.643937570631644860e+02,9.668825550844883310e+01
1.641454256348732770e+02,9.711880343918177516e+01
1.638970942065820964e+02,9.754935136991473144e+01
1.636487627782909158e+02,9.797989930064768771e+01
1.634004313499997068e+02,9.841044723138062977e+01
1.631520999217085262e+02,9.884099516211358605e+01
1.629037684934173456e+02,9.927154309284654232e+01
1.626554370651261650e+02,9.970209102357949860e+01
1.624071056368349559e+02,1.001326389543124407e+02
1.621587742085437753e+02,1.005631868850453969e+02
1.619104427802525947e+02,1.009937348157783532e+02
1.616621113519613857e+02,1.014242827465112953e+02
1.614137799236702051e+02,1.018548306772442515e+02
1.611654484953790245e+02,1.022853786079772078e+02
1.609171170670878155e+02,1.027159265387101499e+02
1.606687856387966349e+02,1.031464744694431062e+02
1.604204542105054543e+02,1.035770224001760482e+02
1.601721227822142737e+02,1.040075703309090045e+02
1.599237913539230647e+02,1.044381182616419608e+02
1.596754599256318841e+02,1.048686661923749170e+02
1.594271284973406750e+02,1.052992141231078591e+02
1.591787970690494944e+02,1.057297620538408154e+02
1.589304656407583138e+02,1.061603099845737717e+02
1.586821342124671332e+02,1.065908579153067137e+02
1.584338027841759242e+02,1.070214058460396700e+02
1.581854713558847436e+02,1.074519537767726263e+02
1.579371399275935630e+02,1.078825017075055825e+02
1.576888084993023540e+02,1.083130496382385246e+02
1.574404770710111734e+02,1.087435975689714809e+02
1.571921456427199928e+02,1.091741454997044372e+02
1.569438142144287838e+02,1.096046934304373792e+02
1.566954827861376032e+02,1.100352413611703355e+02
1.564471513578464226e+02,1.104657892919032918e+02
1.561988199295552135e+02,1.108963372226362338e+02
1.559504885012640329e+02,1.113268851533691901e+02
1.557021570729728523e+02,1.117574330841021322e+02
1.554538256446816717e+02,1.121879810148350884e+02
1.552054942163904627e+02,1.126185289455680447e+02
1.549571627880992821e+02,1.130490768763010010e+02
1.547088313598081015e+02,1.134796248070339573e+02
1.544604999315168925e+02,1.139101727377668993e+02
1.542121685032257119e+02,1.143407206684998414e+02
1.539638370749345313e+02,1.147712685992327977e+02
1.537155056466433223e+02,1.152018165299657539e+02
1.534671742183521417e+02,1.156323644606987102e+02
1.532188427900609611e+02,1.160629123914316665e+02
1.529705113617697521e+02,1.164934603221646086e+02
1.527221799334785715e+02,1.169240082528975506e+02
1.524738485051873909e+02,1.173545561836305069e+02
1.522255170768962103e+02,1.177851041143634632e+02
1.519771856486050012e+02,1.182156520450964194e+02
1.517288542203138206e+02,1.186461999758293757e+02
1.514805227920226116e+02,1.190767479065623320e+02
1.512321913637314310e+02,1.195072958372952741e+02
1.509838599354402504e+02,1.199378437680282161e+02
1.507355285071490698e+02,1.203683916987611724e+02
1.504871970788578608e+02,1.207989396294941287e+02
1.502388656505666802e+02,1.212294875602270849e+02
1.499905342222754996e+02,1.216600354909600412e+02
1.497422027939842906e+02,1.220905834216929833e+02
1.494938713656931100e+02,1.225211313524259253e+02
1.492455399374019294e+02,1.229516792831588816e+02
1.489972085091107488e+02,1.233822272138918379e+02
1.487488770808195397e+02,1.238127751446247942e+02
1.485005456525283591e+02,1.242433230753577362e+02
1.482522142242371501e+02,1.246738710060906925e+02
1.480038827959459695e+02,1.251044189368236346e+02
1.477555513676547889e+02,1.255349668675565908e+02
1.475072199393636083e+02,1.259655147982895471e+02
1.472588885110723993e+02,1.263960627290225034e+02
1.470105570827812187e+02,1.268266106597554455e+02
1.467622256544900381e+02,1.272571585904884017e+02
1.465138942261988291e+02,1.276877065212213580e+02
1.462655627979076485e+02,1.281182544519543001e+02
1.460172313696164679e+02,1.285488023826872563e+02
1.457688999413252873e+02,1.289793503134202126e+02
1.455205685130340783e+02,1.294098982441531689e+02
1.452722370847428977e+02,1.298404461748860967e+02
1.450239056564517171e+02,1.302709941056190530e+02
1.447755742281605080e+02,1.307015420363520093e+02
1.445272427998693274e+02,1.311320899670849656e+02
1.442789113715781468e+02,1.315626378978179218e+02
1.440305799432869662e+02,1.319931858285508781e+02
1.437822485149957572e+02,1.324237337592838344e+02
1.435339170867045766e+02,1.328542816900167622e+02
1.432855856584133676e+02,1.332848296207497185e+02
1.430372542301221870e+02,1.337153775514826748e+02
1.427889228018310064e+02,1.341459254822156311e+02
1.425405913735398258e+02,1.345764734129485873e+02
1.422922599452486168e+02,1.350070213436815436e+02
1.420439285169574362e+02,1.354375692744144999e+02
1.417955970886662556e+02,1.358681172051474277e+02
1.415472656603750465e+02,1.362986651358804124e+02
1.412989342320838659e+02,1.367292130666133403e+02
1.410506028037926853e+02,1.371597609973462966e+02
1.408022713755015047e+02,1.375903089280792528e+02
1.405539399472102957e+02,1.380208568588122091e+02
1.403056085189190867e+02,1.384514047895451654e+02
1.400572770906279061e+02,1.388819527202780932e+02
1.398089456623367255e+02,1.393125006510110779e+02
1.395606142340455449e+02,1.397430485817440058e+02
1.393122828057543643e+02,1.401735965124769621e+02
1.390639513774631553e+02,1.406041444432099183e+02
1.388156199491719747e+02,1.410346923739428462e+02
1.385672885208807656e+02,1.414652403046758309e+02
1.383189570925895850e+02,1.418957882354087587e+02
1.380706256642984044e+02,1.423263361661417150e+02
1.378222942360072238e+02,1.427568840968746713e+02
1.375739628077160148e+02,1.431874320276076276e+02
1.373256313794248342e+02,1.436179799583405838e+02
1.370772999511336252e+02,1.440485278890735117e+02
1.368289685228424446e+02,1.444790758198064964e+02
1.365806370945512640e+02,1.449096237505394242e+02
1.363323056662600834e+02,1.453401716812723805e+02
1.360839742379689028e+02,1.457707196120053368e+02
1.358356428096776938e+02,1.462012675427382931e+02
1.355873113813865132e+02,1.466318154734712209e+02
1.353389799530953042e+02,1.470623634042041772e+02
1.350906485248041236e+02,1.474929113349371619e+02
1.348423170965129430e+02,1.479234592656700897e+02
1.345939856682217624e+02,1.483540071964030460e+02
1.343456542399305818e+02,1.487845551271360023e+02
1.340973228116393727e+02,1.492151030578689301e+02
1.338489913833481921e+02,1.496456509886018864e+02
1.336006599550569831e+02,1.500761989193348427e+02
1.333523285267658025e+02,1.505067468500677990e+02
1.331039970984746219e+02,1.509372947808007552e+02
1.328556656701834413e+02,1.513678427115337115e+02
1.326073342418922323e+02,1.517983906422666678e+02
1.323590028136010517e+02,1.522289385729995956e+02
1.321106713853098427e+02,1.526594865037325519e+02
1.318623399570186621e+02,1.530900344344655082e+02
1.316140085287274815e+02,1.535205823651984645e+02
1.313656771004363009e+02,1.539511302959314207e+02
1.311173456721450918e+02,1.543816782266643770e+02
1.308690142438539112e+02,1.548122261573973049e+02
1.306206828155627306e+02,1.552427740881302611e+02
1.303723513872715216e+02,1.556733220188632174e+02
1.301240199589803410e+02,1.561038699495961737e+02
1.298756885306891604e+02,1.565344178803291300e+02
1.296273571023979798e+02,1.569649658110620862e+02
1.293790256741067708e+02,1.573955137417950425e+02
1.291306942458155902e+02,1.578260616725279704e+02
1.288823628175243812e+02,1.582566096032609266e+02
1.286340313892332006e+02,1.586871575339938829e+02
1.283856999609420200e+02,1.591177054647268392e+02
1.281373685326508109e+02,1.595482533954597955e+02
1.278807236146207060e+02,1.599616257623760589e+02
1.275978153415642566e+02,1.603574871481120852e+02
1.272898344094102185e+02,1.607341714630366027e+02
1.269580770391494866e+02,1.610900933294038282e+02
1.266039395213388872e+02,1.614237547538441788e+02
1.262289123394347996e+02,1.617337514320742855e+02
1.258345738966908129e+02,1.620187786592910584e+02
1.254225838730210114e+02,1.622776368213744718e+02
1.249946762397885465e+02,1.625092364437878132e+02
1.245447525890582199e+02,1.627159257361811626e+02
1.240821717932415993e+02,1.628924781715033987e+02
1.236089498966757105e+02,1.630381242894988532e+02
1.231271493203114034e+02,1.631522293274751121e+02
1.226388698731600755e+02,1.632342959867598324e+02
1.221462396007939475e+02,1.632839666000541570e+02
1.216514055107841301e+02,1.633010246902376821e+02
1.211565242154975124e+02,1.632853959138304560e+02
1.206637525330335308e+02,1.632371483850007507e+02
1.201731960920744484e+02,1.631727079964146014e+02
1.196826396511153519e+02,1.631082676078284237e+02
1.191920832101562695e+02,1.630438272192422744e+02
1.187015267691971729e+02,1.629793868306560967e+02
1.182109703282380906e+02,1.629149464420699474e+02
1.177204138872789940e+02,1.628505060534837696e+02
1.172298574463199117e+02,1.627860656648976203e+02
1.167393010053608151e+02,1.627216252763114426e+02
1.162487445644017328e+02,1.626571848877252933e+02
1.157581881234426362e+02,1.625927444991391440e+02
1.152676316824835538e+02,1.625283041105529662e+02
1.147770752415244573e+02,1.624638637219668169e+02
1.142865188005653749e+02,1.623994233333806392e+02
1.137959623596062784e+02,1.623349829447944899e+02
1.133054059186471960e+02,1.622705425562083121e+02
1.128148494776881137e+02,1.622061021676221628e+02
1.123242930367290171e+02,1.621416617790359851e+02
1.118337365957699348e+02,1.620772213904498358e+02
1.113431801548108382e+02,1.620127810018636580e+02
1.108526237138517558e+02,1.619483406132775087e+02
1.103620672728926593e+02,1.618839002246913310e+02
1.098715108319335769e+02,1.618194598361051817e+02
1.093809543909744804e+02,1.617550194475190324e+02
1.088903979500153980e+02,1.616905790589328547e+02
1.083998415090563014e+02,1.616261386703467053e+02
1.079092850680972191e+02,1.615616982817605276e+02
1.074187286271381367e+02,1.614972578931743783e+02
1.069281721861790402e+02,1.614328175045882006e+02
1.064376157452199578e+02,1.613683771160020513e+02
1.059470593042608613e+02,1.613039367274158735e+02
1.054565028633017789e+02,1.612394963388297242e+02
1.049659464223426824e+02,1.611750559502435465e+02
1.044753899813836000e+02,1.611106155616573972e+02
1.039848335404245034e+02,1.610461751730712479e+02
1.034942770994654211e+02,1.609817347844850701e+02
1.030037206585063245e+02,1.609172943958989208e+02
1.025131642175472422e+02,1.608528540073127431e+02
1.020226077765881598e+02,1.607884136187265938e+02
1.015320513356290633e+02,1.607239732301404160e+02
1.010414948946699667e+02,1.606595328415542667e+02
1.005509384537108843e+02,1.605950924529680890e+02
1.000603820127518020e+02,1.605306520643819397e+02
9.956982557179270543e+01,1.604662116757957619e+02
9.907926913083362308e+01,1.604017712872096126e+02
9.858871268987452652e+01,1.603373308986234633e+02
9.809815624891544417e+01,1.602728905100372856e+02
9.760759980795634760e+01,1.602084501214511363e+02
9.711704336699726525e+01,1.601440097328649586e+02
9.662648692603816869e+01,1.600795693442788092e+02
9.613593048507908634e+01,1.600151289556926315e+02
9.564537404411998978e+01,1.599506885671064822e+02
9.515481760316090742e+01,1.598862481785203045e+02
9.466426116220181086e+01,1.598218077899341552e+02
9.417370472124272851e+01,1.597573674013479774e+02
9.368314828028364616e+01,1.596929270127618281e+02
9.319259183932454960e+01,1.596284866241756788e+02
9.270203539836546724e+01,1.595640462355895011e+02
9.221147895740637068e+01,1.594996058470033518e+02
9.172092251644727412e+01,1.594351654584171740e+02
9.123036607548819177e+01,1.593707250698310247e+02
9.073980963452910942e+01,1.593062846812448470e+02
9.024925319357001285e+01,1.592418442926586977e+02
8.975869675261093050e+01,1.591774039040725199e+02
8.926814031165184815e+01,1.591129635154863706e+02
8.877758387069275159e+01,1.590485231269001929e+02
8.828702742973365503e+01,1.589840827383140436e+02
8.779647098877457267e+01,1.589196423497278943e+02
8.730591454781547611e+01,1.588552019611417165e+02
8.681535810685639376e+01,1.587907615725555672e+02
8.632480166589729720e+01,1.587263211839693895e+02
8.583424522493821485e+01,1.586618807953832402e+02
8.534368878397913250e+01,1.585974404067970625e+02
8.485313234302003593e+01,1.585330000182109131e+02
8.436257590206095358e+01,1.584685596296247354e+02
8.387201946110187123e+01,1.584041192410385861e+02
8.338146302014277467e+01,1.583396788524524084e+02
8.289090657918367810e+01,1.582752384638662591e+02
8.240035013822459575e+01,1.582107980752800813e+02
8.190979369726551340e+01,1.581463576866939320e+02
8.141923725630641684e+01,1.580819172981077827e+02
8.092868081534732028e+01,1.580174769095216050e+02
8.043812437438823792e+01,1.579530365209354557e+02
7.994756793342915557e+01,1.578885961323492779e+02
7.945701149247005901e+01,1.578241557437631286e+02
7.896645505151097666e+01,1.577597153551769509e+02
7.847589861055188010e+01,1.576952749665908016e+02
7.798534216959279775e+01,1.576308345780046238e+02
7.749478572863370118e+01,1.575663941894184745e+02
7.700422928767461883e+01,1.575019538008323252e+02
7.651367284671553648e+01,1.574375134122461475e+02
7.602311640575643992e+01,1.573730730236599982e+02
7.553255996479734335e+01,1.573086326350738204e+02
7.504200352383826100e+01,1.572441922464876711e+02
7.455144708287917865e+01,1.571797518579014934e+02
7.406089064192008209e+01,1.571153114693153441e+02
7.357033420096098553e+01,1.570508710807291664e+02
7.307977776000190318e+01,1.569864306921430170e+02
7.258922131904282082e+01,1.569219903035568393e+02
7.209866487808372426e+01,1.568575499149706900e+02
7.160810843712462770e+01,1.567931095263845123e+02
7.111755199616554535e+01,1.567286691377983630e+02
7.062699555520646300e+01,1.566642287492122136e+02
7.013643911424736643e+01,1.565997883606260359e+02
6.964588267328828408e+01,1.565353479720398866e+02
6.915532623232920173e+01,1.564709075834537089e+02
6.866476979137010517e+01,1.564064671948675596e+02
6.817421335041100861e+01,1.563420268062813818e+02
6.768365690945194046e+01,1.562775864176952325e+02
6.719310046849284390e+01,1.562131460291090548e+02
6.670254402753374734e+01,1.561487056405229055e+02
6.621198758657466499e+01,1.560842652519367562e+02
6.572143114561556843e+01,1.560198248633505784e+02
6.523087470465648607e+01,1.559553844747644291e+02
6.474031826369738951e+01,1.558909440861782514e+02
6.424976182273829295e+01,1.558265036975921021e+02
6.375920538177921060e+01,1.557620633090059243e+02
6.326864894082012825e+01,1.556976229204197750e+02
6.277809249986103168e+01,1.556331825318335973e+02
6.228753605890194933e+01,1.555687421432474480e+02
6.179697961794285277e+01,1.555043017546612703e+02
6.130642317698376331e+01,1.554398613660751209e+02
6.081586673602467386e+01,1.553754209774889432e+02
6.032531029506559150e+01,1.553109805889027939e+02
5.983475385410649494e+01,1.552465402003166446e+02
5.934419741314739838e+01,1.551820998117304669e+02
5.885364097218831603e+01,1.551176594231443175e+02
5.836308453122921946e+01,1.550532190345581398e+02
5.787252809027015132e+01,1.549887786459719905e+02
5.738197164931105476e+01,1.549243382573858128e+02
5.689141520835197241e+01,1.548598978687996635e+02
5.640085876739287585e+01,1.547954574802134857e+02
5.591030232643379350e+01,1.547310170916273364e+02
5.541974588547469693e+01,1.546665767030411587e+02
5.492918944451561458e+01,1.546021363144550094e+02
5.443863300355653223e+01,1.545376959258688601e+02
5.394807656259742146e+01,1.544732555372826823e+02
5.345752012163833911e+01,1.544088151486965330e+02
5.296696368067925675e+01,1.543443747601103553e+02
5.247640723972016019e+01,1.542799343715242060e+02
5.198585079876107784e+01,1.542154939829380282e+02
5.149529435780199549e+01,1.541510535943518789e+02
5.100473791684289893e+01,1.540866132057657012e+02
5.051418147588380236e+01,1.540221728171795519e+02
5.002362503492472001e+01,1.539577324285933742e+02
4.953306859396563766e+01,1.538932920400072248e+02
4.904251215300654110e+01,1.538288516514210755e+02
4.855195571204745875e+01,1.537644112628348978e+02
4.806139927108836218e+01,1.536999708742487485e+02
4.757084283012926562e+01,1.536355304856625708e+02
4.708028638917018327e+01,1.535710900970764214e+02
4.658972994821110092e+01,1.535066497084902437e+02
4.609917350725200436e+01,1.534422093199040944e+02
4.560861706629292200e+01,1.533777689313179167e+02
4.511806062533382544e+01,1.533133285427317674e+02
4.462750418437472888e+01,1.532488881541455896e+02
4.413694774341564653e+01,1.531844477655594403e+02
4.364639130245656418e+01,1.531200073769732910e+02
4.315583486149746761e+01,1.530555669883871133e+02
4.266527842053838526e+01,1.529911265998009640e+02
4.217472197957928870e+01,1.529266862112147862e+02
4.168416553862020635e+01,1.528622458226286369e+02
4.119360909766112400e+01,1.527978054340424592e+02
4.070305265670204165e+01,1.527333650454563099e+02
4.021249621574294508e+01,1.526689246568701321e+02
3.972193977478384852e+01,1.526044842682839828e+02
3.923138333382476617e+01,1.525400438796978051e+02
3.874082689286568382e+01,1.524756034911116558e+02
3.825027045190658725e+01,1.524111631025255065e+02
3.775971401094750490e+01,1.523467227139393287e+02
3.726915756998842255e+01,1.522822823253531794e+02
3.677860112902931178e+01,1.522178419367670017e+02
3.628804468807022943e+01,1.521534015481808524e+02
3.579748824711114707e+01,1.520889611595946747e+02
3.530693180615205051e+01,1.520245207710085253e+02
3.481637536519296816e+01,1.519600803824223476e+02
3.432581892423388581e+01,1.518956399938361983e+02
3.383526248327477504e+01,1.518311996052500206e+02
3.334470604231569268e+01,1.517667592166638713e+02
3.285414960135661033e+01,1.517023188280777219e+02
3.236359316039751377e+01,1.516378784394915442e+02
3.187303671943843142e+01,1.515734380509053949e+02
3.138248027847934907e+01,1.515089976623192172e+02
3.089192383752023829e+01,1.514445572737330679e+02
3.040136739656115594e+01,1.513801168851468901e+02
2.991081095560207359e+01,1.513156764965607408e+02
2.942025451464297703e+01,1.512512361079745631e+02
2.892969807368389468e+01,1.511867957193884138e+02
2.843914163272479811e+01,1.511223553308022360e+02
2.794858519176570155e+01,1.510579149422160867e+02
2.742959915439165286e+01,1.509711227851212243e+02
2.691797593192245586e+01,1.508481550505212283e+02
2.641623388744180545e+01,1.506896170225191725e+02
2.592684274590908444e+01,1.504962890728799323e+02
2.545221143743182779e+01,1.502691228198061424e+02
2.499467623978853226e+01,1.500092364437878700e+02
2.458723861928582721e+01,1.497398294450392200e+02
2.419820142996094248e+01,1.494444726931309333e+02
2.382921478114835523e+01,1.491244189498725632e+02
2.348184373739770336e+01,1.487810257298765748e+02
2.315756168021993133e+01,1.484157495426316586e+02
2.285774405870893489e+01,1.480301397146875217e+02
2.256600776815209031e+01,1.476285923749611868e+02
2.227427147759524928e+01,1.472270450352348803e+02
2.198253518703840470e+01,1.468254976955085738e+02
2.169079889648156012e+01,1.464239503557822388e+02
2.139906260592471554e+01,1.460224030160559323e+02
2.110732631536787096e+01,1.456208556763296258e+02
2.081559002481102993e+01,1.452193083366032909e+02
2.052385373425418535e+01,1.448177609968769843e+02
2.023211744369734078e+01,1.444162136571506778e+02
1.994038115314049620e+01,1.440146663174243429e+02
1.964864486258365162e+01,1.436131189776980364e+02
1.935690857202681059e+01,1.432115716379717298e+02
1.906517228146996601e+01,1.428100242982453949e+02
1.877343599091312143e+01,1.424084769585190884e+02
1.848169970035627685e+01,1.420069296187927534e+02
1.818996340979943227e+01,1.416053822790664469e+02
1.789822711924259124e+01,1.412038349393401404e+02
1.760649082868574666e+01,1.408022875996138055e+02
1.731475453812890208e+01,1.404007402598874990e+02
1.702301824757205750e+01,1.399991929201611924e+02
1.673128195701521292e+01,1.395976455804348575e+02
1.643954566645837190e+01,1.391960982407085510e+02
1.614780937590152377e+01,1.387945509009822445e+02
1.585607308534468274e+01,1.383930035612559095e+02
1.556433679478783816e+01,1.379914562215296030e+02
1.527260050423099536e+01,1.375899088818032965e+02
1.498086421367414900e+01,1.371883615420769615e+02
1.468912792311730620e+01,1.367868142023506550e+02
1.439739163256046162e+01,1.363852668626243485e+02
1.410565534200361881e+01,1.359837195228980136e+02
1.381391905144677423e+01,1.355821721831717070e+02
1.352218276088993143e+01,1.351806248434454005e+02
1.323044647033308685e+01,1.347790775037190656e+02
1.293871017977624227e+01,1.343775301639927591e+02
1.264697388921939769e+01,1.339759828242664241e+02
1.235523759866255489e+01,1.335744354845401176e+02
1.206350130810571208e+01,1.331728881448138111e+02
1.177176501754886750e+01,1.327713408050875046e+02
1.148002872699202292e+01,1.323697934653611696e+02
1.118829243643517835e+01,1.319682461256348631e+02
1.089655614587833554e+01,1.315666987859085282e+02
1.060481985532149096e+01,1.311651514461822217e+02
1.031308356476464816e+01,1.307636041064559151e+02
1.002134727420780358e+01,1.303620567667295802e+02
9.729610983650960776e+00,1.299605094270032737e+02
9.437874693094116196e+00,1.295589620872769387e+02
9.146138402537269840e+00,1.291574147475506322e+02
8.854402111980427037e+00,1.287558674078243257e+02
8.562665821423582457e+00,1.283543200680979908e+02
8.270929530866741430e+00,1.279527727283716843e+02
7.979193240309896851e+00,1.275512253886453777e+02
7.687456949753055824e+00,1.271496780489190570e+02
7.395720659196211244e+00,1.267481307091927363e+02
7.103984368639366664e+00,1.263465833694664298e+02
6.812248078082518532e+00,1.259450360297401090e+02
6.520511787525673952e+00,1.255434886900137883e+02
6.228775496968836478e+00,1.251419413502874676e+02
5.937039206411988346e+00,1.247403940105611468e+02
5.645302915855143766e+00,1.243388466708348403e+02
5.353566625298299186e+00,1.239372993311085196e+02
5.061830334741461712e+00,1.235357519913821989e+02
4.770094044184613580e+00,1.231342046516558923e+02
4.478357753627769000e+00,1.227326573119295716e+02
4.186621463070924420e+00,1.223311099722032509e+02
3.894885172514079841e+00,1.219295626324769444e+02
3.603148881957238814e+00,1.215280152927506236e+02
3.311412591400394234e+00,1.211264679530243029e+02
3.019676300843549654e+00,1.207249206132979964e+02
2.727940010286701522e+00,1.203233732735716757e+02
2.436203719729856942e+00,1.199218259338453549e+02
2.144467429173019468e+00,1.195202785941190484e+02
1.852731138616174889e+00,1.191187312543927277e+02
1.560994848059333862e+00,1.187171839146664070e+02
1.269258557502489282e+00,1.183156365749401004e+02
9.775222669456447022e-01,1.179140892352137655e+02
6.857859763888001225e-01,1.175125418954874590e+02
3.940496858319519902e-01,1.171109945557611525e+02
1.023133952751074105e-01,1.167094472160348175e+02
-1.894228952817300637e-01,1.163078998763085110e+02
-4.811591858385781961e-01,1.159063525365821903e+02
-7.728954763954227758e-01,1.155048051968558696e+02
-1.064631766952267355e+00,1.151032578571295630e+02
-1.356368057509111935e+00,1.147017105174032423e+02
-1.648104348065952962e+00,1.143001631776769216e+02
-1.939840638622797542e+00,1.138986158379506151e+02
-2.231576929179635016e+00,1.134970684982242943e+02
-2.523313219736483148e+00,1.130955211584979736e+02
-2.815049510293327728e+00,1.126939738187716671e+02
-3.106785800850172308e+00,1.122924264790453464e+02
-3.398522091407016887e+00,1.118908791393190256e+02
-3.690258381963857914e+00,1.114893317995927191e+02
-3.981994672520702494e+00,1.110877844598663842e+02
-4.273730963077547074e+00,1.106862371201400776e+02
-4.565467253634395206e+00,1.102846897804137711e+02
-4.857203544191239786e+00,1.098831424406874362e+02
-5.148939834748077260e+00,1.094815951009611297e+02
-5.440676125304921840e+00,1.090800477612348089e+02
-5.732412415861769972e+00,1.086785004215084882e+02
-6.024148706418607446e+00,1.082769530817821817e+02
-6.315884996975452026e+00,1.078754057420558610e+02
-6.607621287532296606e+00,1.074738584023295402e+02
-6.899357578089144738e+00,1.070723110626032337e+02
-7.191093868645992870e+00,1.066707637228768988e+02
-7.482830159202826792e+00,1.062692163831505923e+02
-7.774566449759674924e+00,1.058676690434242857e+02
-8.066302740316515951e+00,1.054661217036979508e+02
-8.358039030873364084e+00,1.050645743639716443e+02
-8.649775321430212216e+00,1.046630270242453378e+02
-8.941511611987046138e+00,1.042614796845190028e+02
-9.233247902543894270e+00,1.038599323447926963e+02
-9.524984193100742402e+00,1.034583850050663756e+02
-9.816720483657583429e+00,1.030568376653400549e+02
-1.010845677421443156e+01,1.026552903256137483e+02
-1.040019306477127259e+01,1.022537429858874276e+02
-1.069192935532811362e+01,1.018521956461611069e+02
-1.098366564588496175e+01,1.014506483064348004e+02
-1.127540193644179567e+01,1.010491009667084796e+02
-1.156713822699864380e+01,1.006475536269821589e+02
-1.185887451755549193e+01,1.002460062872558524e+02
-1.215061080811233296e+01,9.984445894752953166e+01
-1.244234709866917399e+01,9.944291160780321093e+01
-1.273408338922602212e+01,9.904136426807690441e+01
-1.302581967978286315e+01,9.863981692835056947e+01
-1.331755597033971128e+01,9.823826958862426295e+01
-1.360929226089655941e+01,9.783672224889794222e+01
-1.390102855145339333e+01,9.743517490917163570e+01
-1.419276484201024147e+01,9.703362756944531498e+01
-1.448450113256708960e+01,9.663208022971899425e+01
-1.477623742312393063e+01,9.623053288999267352e+01
-1.506797371368077876e+01,9.582898555026636700e+01
-1.535971000423761268e+01,9.542743821054006048e+01
-1.565144629479446081e+01,9.502589087081373975e+01
-1.594318258535130894e+01,9.462434353108741902e+01
-1.623491887590814997e+01,9.422279619136108408e+01
-1.652665516646499810e+01,9.382124885163477757e+01
-1.681839145702183913e+01,9.341970151190847105e+01
-1.711012774757868016e+01,9.301815417218215032e+01
-1.740186403813552829e+01,9.261660683245582959e+01
-1.769360032869236932e+01,9.221505949272952307e+01
-1.798533661924921745e+01,9.181351215300320234e+01
-1.827707290980605848e+01,9.141196481327688161e+01
-1.856880920036289950e+01,9.101041747355057510e+01
-1.886054549091974053e+01,9.060887013382425437e+01
-1.915228178147658866e+01,9.020732279409793364e+01
-1.944401807203342969e+01,8.980577545437161291e+01
-1.973575436259027072e+01,8.940422811464532060e+01
-2.002749065314711885e+01,8.900268077491898566e+01
-2.031922694370395988e+01,8.860113343519267914e+01
-2.061096323426080801e+01,8.819958609546635842e+01
-2.090269952481765614e+01,8.779803875574003769e+01
-2.119443581537449717e+01,8.739649141601371696e+01
-2.148617210593133819e+01,8.699494407628742465e+01
-2.177790839648818633e+01,8.659339673656108971e+01
-2.206964468704502735e+01,8.619184939683478319e+01
-2.236138097760187549e+01,8.579030205710846246e+01
-2.265311726815871651e+01,8.538875471738212752e+01
-2.294485355871555754e+01,8.498720737765582101e+01
-2.323658984927240567e+01,8.458566003792950028e+01
-2.352832613982924670e+01,8.418411269820319376e+01
-2.382006243038609483e+01,8.378256535847687303e+01
-2.411179872094294296e+01,8.338101801875055230e+01
-2.440353501149977689e+01,8.297947067902424578e+01
-2.469527130205662502e+01,8.257792333929792505e+01
-2.498700759261346604e+01,8.217637599957161854e+01
-2.527874388317031418e+01,8.177482865984529781e+01
-2.557048017372716231e+01,8.137328132011897708e+01
-2.586221646428399623e+01,8.097173398039265635e+01
-2.615395275484084436e+01,8.057018664066633562e+01
-2.644568904539769250e+01,8.016863930094001489e+01
-2.673742533595453352e+01,7.976709196121370837e+01
-2.702916162651138166e+01,7.936554462148738764e+01
-2.732089791706821558e+01,7.896399728176108113e+01
-2.761263420762505660e+01,7.856244994203476040e+01
-2.790437049818190474e+01,7.816090260230843967e+01
-2.819610678873875287e+01,7.775935526258213315e+01
-2.848784307929559390e+01,7.735780792285581242e+01
-2.877957936985243492e+01,7.695626058312950590e+01
-2.907131566040928305e+01,7.655471324340318517e+01
-2.936305195096612408e+01,7.615316590367686445e+01
-2.965478824152297221e+01,7.575161856395052951e+01
-2.994652453207981324e+01,7.535007122422422299e+01
-3.023826082263665427e+01,7.494852388449791647e+01
-3.052999711319350240e+01,7.454697654477159574e+01
-3.082173340375034343e+01,7.414542920504527501e+01
-3.111346969430719156e+01,7.374388186531895428e+01
-3.140520598486403969e+01,7.334233452559264776e+01
-3.169694227542087361e+01,7.294078718586634125e+01
-3.198867856597772175e+01,7.253923984614002052e+01
-3.228041485653456277e+01,7.213769250641369979e+01
-3.257215114709141091e+01,7.173614516668737906e+01
-3.286388743764825904e+01,7.133459782696105833e+01
-3.315562372820509296e+01,7.093305048723475181e+01
-3.344736001876194109e+01,7.053150314750843108e+01
-3.373909630931878922e+01,7.012995580778211036e+01
-3.403083259987563025e+01,6.972840846805578963e+01
-3.432256889043247838e+01,6.932686112832946890e+01
-3.461430518098932652e+01,6.892531378860316238e+01
-3.490604147154615333e+01,6.852376644887685586e+01
-3.519777776210299436e+01,6.812221910915053513e+01
-3.548951405265984249e+01,6.772067176942421440e+01
-3.578125034321668352e+01,6.731912442969789367e+01
-3.607298663377353165e+01,6.691757708997157295e+01
-3.636571286285311544e+01,6.648358550533191647e+01
-3.662745270765375949e+01,6.603023178650639124e+01
-3.685693103055710651e+01,6.555972457078419779e+01
-3.705302986481892447e+01,6.507435606343091195e+01
-3.721479386105144727e+01,6.457649087058038617e+01
-3.734143494147062370e+01,6.406855447940581882e+01
-3.743233613923369774e+01,6.355302144169198186e+01
-3.748705460416281454e+01,6.303240331837605481e+01
-3.750532376021141800e+01,6.250923644378778476e+01
-3.749045722123294411e+01,6.203724378420861996e+01
-3.744591654135903269e+01,6.156712229723508756e+01
-3.737187829812398121e+01,6.110073573737673769e+01
-3.726863600950886024e+01,6.063993305235922548e+01
-3.713659897031577373e+01,6.018654105313673597e+01
-3.697629062955533641e+01,5.974235717166367721e+01
-3.678834651527993316e+01,5.930914233513672684e+01
-3.657351171508975085e+01,5.888861398495676269e+01
-3.633263792229971756e+01,5.848243926808632409e+01
-3.606668005947766886e+01,5.809222842779486484e+01
-3.577326879788743241e+01,5.768958704877174171e+01
-3.547985753629720307e+01,5.728694566974861146e+01
-3.518644627470696662e+01,5.688430429072548122e+01
-3.489303501311673017e+01,5.648166291170235809e+01
-3.459962375152649372e+01,5.607902153267922785e+01
-3.430621248993626438e+01,5.567638015365610471e+01
-3.401280122834602793e+01,5.527373877463297447e+01
-3.371938996675579858e+01,5.487109739560985133e+01
-3.342597870516556213e+01,5.446845601658672109e+01
-3.313256744357532568e+01,5.406581463756359085e+01
-3.283915618198508923e+01,5.366317325854046771e+01
-3.254574492039485989e+01,5.326053187951733747e+01
-3.225233365880462344e+01,5.285789050049421434e+01
-3.195892239721439054e+01,5.245524912147108409e+01
-3.166551113562415765e+01,5.205260774244796096e+01
-3.137209987403392120e+01,5.164996636342483072e+01
-3.107868861244368830e+01,5.124732498440170048e+01
-3.078527735085345540e+01,5.084468360537857734e+01
-3.049186608926321895e+01,5.044204222635545420e+01
-3.019845482767298606e+01,5.003940084733232396e+01
-2.990504356608275316e+01,4.963675946830919372e+01
-2.961163230449252026e+01,4.923411808928607059e+01
-2.931822104290228737e+01,4.883147671026294034e+01
-2.902480978131205092e+01,4.842883533123981010e+01
-2.873139851972181802e+01,4.802619395221668697e+01
-2.843798725813158512e+01,4.762355257319356383e+01
-2.814457599654134867e+01,4.722091119417043359e+01
-2.785116473495111578e+01,4.681826981514730335e+01
-2.755775347336087933e+01,4.641562843612418021e+01
-2.726434221177064643e+01,4.601298705710105708e+01
-2.697093095018041353e+01,4.561034567807792683e+01
-2.667751968859018064e+01,4.520770429905479659e+01
-2.638410842699994419e+01,4.480506292003167346e+01
-2.609069716540970774e+01,4.440242154100854322e+01
-2.579728590381947484e+01,4.399978016198541297e+01
-2.550387464222924194e+01,4.359713878296228984e+01
-2.521046338063900549e+01,4.319449740393915960e+01
-2.491705211904877615e+01,4.279185602491603646e+01
-2.462364085745853970e+01,4.238921464589290622e+01
-2.433022959586830680e+01,4.198657326686978308e+01
-2.403681833427807391e+01,4.158393188784665284e+01
-2.374340707268783746e+01,4.118129050882352260e+01
-2.344999581109760456e+01,4.077864912980039946e+01
-2.315658454950737166e+01,4.037600775077726922e+01
-2.286317328791713521e+01,3.997336637175413898e+01
-2.256976202632689876e+01,3.957072499273101585e+01
-2.227635076473666942e+01,3.916808361370789271e+01
-2.198293950314643297e+01,3.876544223468475536e+01
-2.168952824155620007e+01,3.836280085566163223e+01
-2.139611697996596718e+01,3.796015947663850909e+01
-2.110270571837573428e+01,3.755751809761538595e+01
-2.080929445678549783e+01,3.715487671859225571e+01
-2.051588319519526493e+01,3.675223533956912547e+01
-2.022247193360503204e+01,3.634959396054600234e+01
-1.992906067201479559e+01,3.594695258152287209e+01
-1.963564941042456269e+01,3.554431120249974185e+01
-1.934223814883432624e+01,3.514166982347661872e+01
-1.904882688724408979e+01,3.473902844445349558e+01
-1.875541562565386045e+01,3.433638706543036534e+01
-1.846200436406362755e+01,3.393374568640723510e+01
-1.816859310247339110e+01,3.353110430738411196e+01
-1.787518184088315820e+01,3.312846292836098883e+01
-1.758177057929292175e+01,3.272582154933785148e+01
-1.728835931770269241e+01,3.232318017031472834e+01
-1.699494805611245596e+01,3.192053879129160521e+01
-1.670153679452222306e+01,3.151789741226847852e+01
-1.640812553293199016e+01,3.111525603324534828e+01
-1.611471427134175016e+01,3.071261465422222159e+01
-1.582130300975152082e+01,3.030997327519909135e+01
-1.552789174816128437e+01,2.990733189617596821e+01
-1.523448048657105147e+01,2.950469051715283797e+01
-1.494106922498081502e+01,2.910204913812971483e+01
-1.464765796339058568e+01,2.869940775910659170e+01
-1.435424670180034923e+01,2.829676638008345435e+01
-1.406083544021011633e+01,2.789412500106033121e+01
-1.376742417861988343e+01,2.749148362203720808e+01
-1.347401291702964699e+01,2.708884224301407073e+01
-1.318060165543941409e+01,2.668620086399095470e+01
-1.288719039384917764e+01,2.628355948496782446e+01
-1.259377913225894829e+01,2.588091810594470132e+01
-1.230036787066870829e+01,2.547827672692157108e+01
-1.200695660907847895e+01,2.507563534789844084e+01
-1.171354534748824250e+01,2.467299396887531771e+01
-1.142013408589800960e+01,2.427035258985218746e+01
-1.112672282430777315e+01,2.386771121082905722e+01
-1.083331156271754381e+01,2.346506983180593409e+01
-1.053990030112730736e+01,2.306242845278281095e+01
-1.024648903953707091e+01,2.265978707375967360e+01
-9.953077777946841564e+00,2.225714569473655757e+01
-9.659666516356601562e+00,2.185450431571342023e+01
-9.366255254766372218e+00,2.145186293669030420e+01
-9.072843993176135768e+00,2.104922155766716685e+01
-8.779432731585906424e+00,2.064658017864404371e+01
-8.486021469995666422e+00,2.024393879962091347e+01
-8.192610208405437078e+00,1.984129742059779034e+01
-7.899198946815200628e+00,1.943865604157466009e+01
-7.605787685224964179e+00,1.903601466255153696e+01
-7.312376423634731282e+00,1.863337328352840672e+01
-7.018965162044494832e+00,1.823073190450528358e+01
-6.725553900454269041e+00,1.782809052548215334e+01
-6.432142638864032591e+00,1.742544914645902310e+01
-6.138731377273796141e+00,1.702280776743589996e+01
-5.845320115683556139e+00,1.662016638841276972e+01
-5.551908854093333900e+00,1.621752500938964658e+01
-5.258497592503097451e+00,1.581488363036651634e+01
-4.965086330912861001e+00,1.541224225134339321e+01
-4.671675069322624552e+00,1.500960087232026297e+01
-4.378263807732395207e+00,1.460695949329713983e+01
-4.084852546142158758e+00,1.420431811427400959e+01
-3.791441284551922308e+00,1.380167673525088645e+01
-3.498030022961685859e+00,1.339903535622775621e+01
-3.204618761371463620e+00,1.299639397720462597e+01
-2.911207499781227170e+00,1.259375259818150283e+01
-2.617796238190990721e+00,1.219111121915837259e+01
-2.324384976600747166e+00,1.178846984013524946e+01
-2.030973715010510716e+00,1.138582846111211921e+01
-1.737562453420288477e+00,1.098318708208898897e+01
-1.444151191830052028e+00,1.058054570306587294e+01
-1.150739930239815578e+00,1.017790432404273560e+01
-8.573286686495862341e-01,9.775262945019612459e+00
-5.639174070593497845e-01,9.372621565996489323e+00
-2.705061454691133349e-01,8.969980186973351977e+00
2.290511612110890383e-02,8.567338807950228841e+00
3.163163777113453534e-01,8.164697428927105705e+00
6.097276393015818030e-01,7.762056049903975463e+00
9.031389008918182526e-01,7.359414670880845222e+00
1.196550162482054702e+00,6.956773291857729191e+00
1.489961424072284046e+00,6.554131912834591844e+00
1.783372685662520496e+00,6.151490533811468708e+00
2.076783947252756946e+00,5.748849154788345572e+00
2.370195208842993395e+00,5.346207775765215331e+00
2.663606470433215634e+00,4.943566396742085089e+00
2.957017732023459189e+00,4.540925017718954848e+00
3.250428993613695638e+00,4.138283638695838818e+00
3.543840255203932088e+00,3.735642259672708576e+00
3.837251516794168538e+00,3.333000880649571229e+00
4.130662778384390776e+00,2.930359501626448093e+00
4.424074039974627226e+00,2.527718122603324957e+00
4.717485301564863676e+00,2.125076743580194716e+00
5.010896563155100125e+00,1.722435364557071580e+00
5.304307824745329469e+00,1.319793985533955549e+00
5.597719086335565919e+00,9.171526065108110970e-01
5.891130347925802369e+00,5.145112274876879610e-01
6.184541609516038818e+00,1.118698484645577196e-01
6.477952871106261057e+00,-2.907715305585583110e-01
6.771364132696504612e+00,-6.934129095816814470e-01
7.064775394286741061e+00,-1.096054288604825899e+00
7.358186655876977511e+00,-1.498695667627956141e+00
7.651597917467199750e+00,-1.901337046651065066e+00
7.945009179057436199e+00,-2.303978425674202413e+00
8.238420440647672649e+00,-2.706619804697339760e+00
8.531831702237894888e+00,-3.109261183720448685e+00
8.825242963828138443e+00,-3.511902562743571821e+00
9.118654225418374892e+00,-3.914543941766709167e+00
9.412065487008611342e+00,-4.317185320789846514e+00
9.705476748598833581e+00,-4.719826699812955439e+00
9.998888010189070030e+00,-5.122468078836078575e+00
1.029229927177930648e+01,-5.525109457859215922e+00
1.058571053336955003e+01,-5.927750836882353269e+00
1.087912179495977227e+01,-6.330392215905462194e+00
1.117253305655000872e+01,-6.733033594928599541e+00
1.146594431814024517e+01,-7.135674973951722677e+00
1.175935557973046741e+01,-7.538316352974845813e+00
1.205276684132070386e+01,-7.940957731997983160e+00
1.234617810291094031e+01,-8.343599111021106296e+00
1.263958936450118387e+01,-8.746240490044229432e+00
1.293300062609142032e+01,-9.148881869067366779e+00
1.322641188768164255e+01,-9.551523248090489915e+00
1.351982314927187900e+01,-9.954164627113613051e+00
1.381323441086211545e+01,-1.035680600613675040e+01
1.410664567245235190e+01,-1.075944738515987353e+01
1.440005693404258125e+01,-1.116208876418299667e+01
1.469346819563281770e+01,-1.156473014320613402e+01
1.498687945722305415e+01,-1.196737152222924294e+01
1.528029071881329060e+01,-1.237001290125238029e+01
1.557370198040352705e+01,-1.277265428027550342e+01
1.586711324199374928e+01,-1.317529565929864077e+01
1.616052450358398573e+01,-1.357793703832174970e+01
1.645393576517422929e+01,-1.398057841734488704e+01
1.674734702676446574e+01,-1.438321979636802439e+01
1.704075828835470219e+01,-1.478586117539114753e+01
1.733416954994492443e+01,-1.518850255441425645e+01
1.762758081153516088e+01,-1.559114393343739380e+01
1.792099207312539733e+01,-1.599378531246053115e+01
1.821440333471562667e+01,-1.639642669148364007e+01
1.850781459630586312e+01,-1.679906807050677742e+01
1.880122585789609957e+01,-1.720170944952990055e+01
1.909463711948633602e+01,-1.760435082855303790e+01
1.938804838107655826e+01,-1.800699220757616104e+01
1.968145964266679471e+01,-1.840963358659928417e+01
1.997487090425703116e+01,-1.881227496562240731e+01
2.026828216584727471e+01,-1.921491634464554465e+01
2.056169342743749695e+01,-1.961755772366866779e+01
2.085510468902773340e+01,-2.002019910269179093e+01
2.114851595061796985e+01,-2.042284048171491406e+01
2.144192721220819209e+01,-2.082548186073805141e+01
2.173533847379843564e+01,-2.122812323976117455e+01
2.202874973538867209e+01,-2.163076461878429768e+01
2.232216099697890854e+01,-2.203340599780743503e+01
2.261557225856913078e+01,-2.243604737683055816e+01
2.290898352015936723e+01,-2.283868875585368130e+01
2.320239478174960368e+01,-2.324133013487681865e+01
2.351220542576514561e+01,-2.363781592022684208e+01
2.384790401840429297e+01,-2.401263596775636699e+01
2.420797956619848890e+01,-2.436410319668485158e+01
2.459081135397989470e+01,-2.469063563824929020e+01
2.499467623978848252e+01,-2.499076355621220102e+01
2.537786214856520317e+01,-2.523913834420609703e+01
2.577545323593300708e+01,-2.546373309757694514e+01
2.618597561246295413e+01,-2.566371523268963628e+01
2.660790745181044414e+01,-2.583834340607774038e+01
2.703968463219929674e+01,-2.598697026263965881e+01
2.747970653469695890e+01,-2.610904483541533239e+01
2.796228077758625830e+01,-2.622722832430322981e+01
2.844485502047555414e+01,-2.634541181319112724e+01
2.892742926336484999e+01,-2.646359530207902466e+01
2.941000350625414583e+01,-2.658177879096692209e+01
2.989257774914344523e+01,-2.669996227985481951e+01
3.037515199203274108e+01,-2.681814576874271694e+01
3.085772623492203692e+01,-2.693632925763061436e+01
3.134030047781133277e+01,-2.705451274651851179e+01
3.182287472070063217e+01,-2.717269623540641277e+01
3.230544896358993157e+01,-2.729087972429431019e+01
3.278802320647922386e+01,-2.740906321318220762e+01
3.327059744936852326e+01,-2.752724670207010504e+01
3.375317169225782266e+01,-2.764543019095800247e+01
3.423574593514711495e+01,-2.776361367984589990e+01
3.471832017803641435e+01,-2.788179716873379732e+01
3.520089442092570664e+01,-2.799998065762169475e+01
3.568346866381500604e+01,-2.811816414650959217e+01
3.616604290670430544e+01,-2.823634763539748960e+01
3.664861714959360484e+01,-2.835453112428538702e+01
3.713119139248289713e+01,-2.847271461317328800e+01
3.761376563537218942e+01,-2.859089810206118543e+01
3.809633987826149593e+01,-2.870908159094908285e+01
3.857891412115078822e+01,-2.882726507983698028e+01
3.906148836404008762e+01,-2.894544856872487770e+01
3.954406260692938702e+01,-2.906363205761277513e+01
4.002663684981867931e+01,-2.918181554650067255e+01
4.050921109270797160e+01,-2.929999903538857353e+01
4.099178533559727100e+01,-2.941818252427646740e+01
4.147435957848657040e+01,-2.953636601316436838e+01
4.195693382137586980e+01,-2.965454950205226226e+01
4.243950806426516920e+01,-2.977273299094016323e+01
4.292208230715446149e+01,-2.989091647982806066e+01
4.340465655004375378e+01,-3.000909996871595808e+01
4.388723079293305318e+01,-3.012728345760385551e+01
4.436980503582235258e+01,-3.024546694649175294e+01
4.485237927871165198e+01,-3.036365043537965036e+01
4.533495352160094427e+01,-3.048183392426754779e+01
4.581752776449023656e+01,-3.060001741315544876e+01
4.630010200737953596e+01,-3.071820090204334619e+01
4.678267625026883536e+01,-3.083638439093124362e+01
4.726525049315813476e+01,-3.095456787981914104e+01
4.774782473604743416e+01,-3.107275136870703847e+01
4.823039897893672645e+01,-3.119093485759493589e+01
4.871297322182602585e+01,-3.130911834648283332e+01
4.919554746471531814e+01,-3.142730183537073074e+01
4.967812170760461754e+01,-3.154548532425862817e+01
5.016069595049391694e+01,-3.166366881314652559e+01
5.064327019338320923e+01,-3.178185230203442302e+01
5.112584443627250863e+01,-3.190003579092232400e+01
5.160841867916180092e+01,-3.201821927981021787e+01
5.209099292205110032e+01,-3.213640276869811885e+01
5.257356716494039972e+01,-3.225458625758601272e+01
5.305614140782969912e+01,-3.237276974647391370e+01
5.353871565071899852e+01,-3.249095323536180757e+01
5.402128989360829081e+01,-3.260913672424970855e+01
5.450386413649758310e+01,-3.272732021313760242e+01
5.498643837938688250e+01,-3.284550370202550340e+01
5.546901262227618190e+01,-3.296368719091340438e+01
5.595158686516548130e+01,-3.308187067980129825e+01
5.643416110805476649e+01,-3.320005416868919923e+01
5.691673535094406589e+01,-3.331823765757710021e+01
5.739930959383337239e+01,-3.343642114646499408e+01
5.788188383672266468e+01,-3.355460463535288795e+01
5.836445807961196408e+01,-3.367278812424078893e+01
5.884703232250125637e+01,-3.379097161312868991e+01
5.932960656539055577e+01,-3.390915510201658378e+01
5.981218080827984807e+01,-3.402733859090447766e+01
6.029475505116914746e+01,-3.414552207979237863e+01
6.077732929405844686e+01,-3.426370556868027961e+01
6.125990353694774626e+01,-3.438188905756817348e+01
6.174247777983704566e+01,-3.450007254645607446e+01
6.222505202272633795e+01,-3.461825603534396834e+01
6.270762626561563735e+01,-3.473643952423186931e+01
6.319020050850492964e+01,-3.485462301311976319e+01
6.367277475139422904e+01,-3.497280650200766416e+01
6.415534899428351423e+01,-3.509098999089556514e+01
6.463792323717282784e+01,-3.520917347978345902e+01
6.512049748006211303e+01,-3.532735696867135999e+01
6.560307172295142664e+01,-3.544554045755925387e+01
6.608564596584071182e+01,-3.556372394644715484e+01
6.656822020873001122e+01,-3.568190743533504872e+01
6.705079445161931062e+01,-3.580009092422294970e+01
6.753336869450859581e+01,-3.591827441311084357e+01
6.801594293739790942e+01,-3.603645790199874455e+01
6.849851718028719461e+01,-3.615464139088663842e+01
6.898109142317649400e+01,-3.627282487977453940e+01
6.946366566606579340e+01,-3.639100836866244038e+01
6.994623990895509280e+01,-3.650919185755033425e+01
7.042881415184439220e+01,-3.662737534643823523e+01
7.091138839473367739e+01,-3.674555883532612910e+01
7.139396263762297679e+01,-3.686374232421403008e+01
7.187653688051227618e+01,-3.698192581310192395e+01
7.235911112340157558e+01,-3.710010930198982493e+01
7.284168536629087498e+01,-3.721829279087772591e+01
7.332425960918016017e+01,-3.733647627976561978e+01
7.380683385206945957e+01,-3.745465976865351365e+01
7.428940809495875897e+01,-3.757284325754141463e+01
7.477198233784805836e+01,-3.769102674642931561e+01
7.525455658073735776e+01,-3.780921023531720948e+01
7.573713082362664295e+01,-3.792739372420511046e+01
7.621970506651595656e+01,-3.804557721309300433e+01
7.670227930940524175e+01,-3.816376070198090531e+01
7.718485355229454115e+01,-3.828194419086879918e+01
7.766742779518384054e+01,-3.840012767975670016e+01
7.815000203807312573e+01,-3.851831116864460114e+01
7.863257628096243934e+01,-3.863649465753249501e+01
7.911515052385172453e+01,-3.875467814642039599e+01
7.959772476674103814e+01,-3.887286163530828986e+01
8.008029900963032333e+01,-3.899104512419619084e+01
8.056287325251962272e+01,-3.910922861308408471e+01
8.104544749540892212e+01,-3.922741210197198569e+01
8.152802173829820731e+01,-3.934559559085987956e+01
8.201059598118750671e+01,-3.946377907974778054e+01
8.249317022407680611e+01,-3.958196256863567442e+01
8.297574446696610551e+01,-3.970014605752357539e+01
8.345831870985540490e+01,-3.981832954641147637e+01
8.394089295274470430e+01,-3.993651303529937024e+01
8.442346719563400370e+01,-4.005469652418727122e+01
8.490604143852328889e+01,-4.017288001307516510e+01
8.538861568141258829e+01,-4.029106350196306607e+01
8.587118992430188769e+01,-4.040924699085095995e+01
8.635376416719118708e+01,-4.052743047973886092e+01
8.683633841008045806e+01,-4.064561396862675480e+01
8.731891265296977167e+01,-4.076379745751465578e+01
8.780148689585907107e+01,-4.088198094640254965e+01
8.828406113874837047e+01,-4.100016443529045063e+01
8.876663538163765566e+01,-4.111834792417834450e+01
8.924920962452695505e+01,-4.123653141306624548e+01
8.973178386741626866e+01,-4.135471490195414646e+01
9.021435811030553964e+01,-4.147289839084204743e+01
9.069693235319485325e+01,-4.159108187972994131e+01
9.117950659608415265e+01,-4.170926536861783518e+01
9.166208083897343784e+01,-4.182744885750573616e+01
9.214465508186273723e+01,-4.194563234639363714e+01
9.262722932475203663e+01,-4.206381583528153101e+01
9.310980356764133603e+01,-4.218199932416942488e+01
9.359237781053062122e+01,-4.230018281305732586e+01
9.407495205341993483e+01,-4.241836630194522684e+01
9.455752629630922002e+01,-4.253654979083312071e+01
9.504010053919853362e+01,-4.265473327972101458e+01
9.552267478208781881e+01,-4.277291676860891556e+01
9.600524902497711821e+01,-4.289110025749681654e+01
9.648782326786641761e+01,-4.300928374638471041e+01
9.697039751075570280e+01,-4.312746723527260428e+01
9.745297175364500220e+01,-4.324565072416050526e+01
9.793554599653430159e+01,-4.336383421304840624e+01
9.841812023942361520e+01,-4.348201770193630722e+01
9.890069448231288618e+01,-4.360020119082420820e+01
9.938326872520219979e+01,-4.371838467971210207e+01
9.986584296809148498e+01,-4.383656816859999594e+01
1.003484172109807986e+02,-4.395475165748789692e+01
1.008309914538700696e+02,-4.407293514637579790e+01
1.013135656967593832e+02,-4.419111863526369177e+01
1.017961399396486826e+02,-4.430930212415158564e+01
1.022787141825379678e+02,-4.442748561303948662e+01
1.027612884254272814e+02,-4.454566910192738760e+01
1.032438626683165666e+02,-4.466385259081528147e+01
1.037264369112058802e+02,-4.478203607970317535e+01
1.042090111540951511e+02,-4.490021956859107632e+01
1.046915853969844648e+02,-4.501840305747897730e+01
1.051741596398737499e+02,-4.513658654636687118e+01
1.056567338827630635e+02,-4.525477003525476505e+01
1.061393081256523487e+02,-4.537295352414266603e+01
1.066218823685416481e+02,-4.549113701303056700e+01
1.071044566114309475e+02,-4.560932050191846798e+01
1.075870308543202327e+02,-4.572750399080635475e+01
1.080696050972095463e+02,-4.584568747969426283e+01
1.085521793400988315e+02,-4.596387096858215671e+01
1.090347535829881451e+02,-4.608205445747005768e+01
1.095173278258774161e+02,-4.620023794635795866e+01
1.099999020687667297e+02,-4.631842143524585254e+01
1.104824763116560149e+02,-4.643660492413374641e+01
1.109650505545453143e+02,-4.655478841302164739e+01
1.114476247974346137e+02,-4.667297190190954836e+01
1.119301990403239131e+02,-4.679115539079744224e+01
1.124127732832132267e+02,-4.690933887968533611e+01
1.128953475261024977e+02,-4.702752236857323709e+01
1.133779217689918113e+02,-4.714570585746113807e+01
1.138604960118810965e+02,-4.726388934634903194e+01
1.143430702547704101e+02,-4.738207283523692581e+01
1.148256444976596811e+02,-4.750025632412482679e+01
1.153082187405489947e+02,-4.761843981301272777e+01
1.157907929834382941e+02,-4.773662330190062875e+01
1.162733672263275793e+02,-4.785480679078851551e+01
1.167559414692168787e+02,-4.797299027967642360e+01
1.172385157121061781e+02,-4.809117376856431747e+01
1.177210899549954775e+02,-4.820935725745221845e+01
1.182036641978847626e+02,-4.832754074634011943e+01
1.186862384407740763e+02,-4.844572423522801330e+01
1.191688126836633614e+02,-4.856390772411590717e+01
1.196513869265526750e+02,-4.868209121300380815e+01
1.201339611694419460e+02,-4.880027470189170913e+01
1.206165354123312596e+02,-4.891845819077960300e+01
1.210991096552205590e+02,-4.903664167966749687e+01
1.215816838981098442e+02,-4.915482516855539785e+01
1.220642581409991436e+02,-4.927300865744329883e+01
1.225468323838884430e+02,-4.939119214633119270e+01
1.230294066267777566e+02,-4.950937563521908658e+01
1.235119808696670276e+02,-4.962755912410698755e+01
1.239945551125563412e+02,-4.974574261299488853e+01
1.244771293554456264e+02,-4.986392610188278240e+01
1.249597035983349400e+02,-4.998210959077067628e+01
1.249946762397885323e+02,-4.999076355621217260e+01
